ticker,name,description,Perf.1M,Perf.3M,Perf.Y,type,typespecs,Value.Traded,close,change,volume,relative_volume_10d_calc,market_cap_basic,price_earnings_ttm,earnings_per_share_diluted_ttm,earnings_per_share_diluted_yoy_growth_ttm,dividends_yield_current,sector,recommendation_mark,extraction_day
NASDAQ:NVDA,NVDA,NVIDIA Corporation,13.750960262588169,48.92566517326505,24.955887993862678,stock,['common'],29913095240.0,162.88,1.7999999999999972,183651125,0.9570002689589312,3974272119141.0,52.465775487196005,3.1045,81.60280783854927,0.0245579567779961,Electronic Technology,1.189394,2025-07-10
NASDAQ:TSLA,TSLA,"Tesla, Inc.",3.4708258292388705,13.799999999999999,17.8804780876494,stock,['common'],22364172646.4,295.88,-0.648064202007994,75585280,0.7283076791914506,951703092249.0001,162.71447426308842,1.8184,-53.531636512317284,0.0,Consumer Durables,1.8,2025-07-10
NASDAQ:AAPL,AAPL,Apple Inc.,3.3025099075297226,11.67587866606722,-7.366296670030281,stock,['common'],10292687346.96,211.14,0.5380696157325819,48748164,0.834364948203413,3153550328814.0,32.94995240250316,6.4079,-0.35609877464701006,0.478355593445108,Electronic Technology,1.5,2025-07-10
NASDAQ:PLTR,PLTR,Palantir Technologies Inc.,12.63427109974424,61.91176470588234,412.45972073039735,stock,['common'],9803109530.369999,143.13,2.4479278505475537,68490949,0.8412334477099783,337774538126.00006,625.0218340611353,0.229,80.74191002367797,0.0,Technology Services,2.0,2025-07-10
NASDAQ:MSFT,MSFT,Microsoft Corporation,7.198211624441133,31.788200806156095,7.817987152034259,stock,['common'],9395236285.33,503.51,1.3873786798759586,18659483,0.9312705906775325,3742360274488.0,38.909324142620896,12.9406,12.125255606002842,0.643482751087367,Technology Services,1.146154,2025-07-10
NASDAQ:AMZN,AMZN,"Amazon.com, Inc.",3.6274738067520333,20.006471095772216,11.604814443329984,stock,['common'],8490952946.58,222.54,1.4496717724288741,38154727,0.7935680713460724,2362562805441.9995,36.29572847520102,6.1313,72.19850586979723,0.0,Retail Trade,1.098592,2025-07-10
NASDAQ:META,META,"Meta Platforms, Inc.",4.913667210720719,27.331491424698946,37.288992974238866,stock,['common'],8366832210.96,732.78,1.6803807567957616,11417932,0.9524176784621604,1842317407885.0,28.58313049990638,25.6368,47.260915268451576,0.279756543573787,Technology Services,1.219178,2025-07-10
NASDAQ:AVGO,AVGO,Broadcom Inc.,13.407741435246585,58.52823730747288,58.20694994762489,stock,['common'],5594795627.4,277.9,2.2442972774098475,20132406,0.9317667526983088,1307094615384.0,104.4658296368694,2.6602,14.446738943383252,0.827635840230299,Electronic Technology,1.197917,2025-07-10
NASDAQ:GOOG,GOOG,Alphabet Inc.,1.0177972365952077,11.904761904761909,-7.348109517601046,stock,['common'],5558622882.12,177.66,1.4272664992007307,31287982,1.0486789416292204,2148961047394.0,19.811983540196046,8.9673,37.528948054537366,0.455927051671733,Technology Services,1.21831,2025-07-10
NASDAQ:MSTR,MSTR,MicroStrategy Incorporated,9.123148050856367,47.04778761061947,216.17042652297016,stock,['common'],5427383576.25,415.41,4.653096185821542,13065125,1.0531300604067688,113574360450.0,,-21.8108,-160.1634162342697,0.0,Technology Services,1.235294,2025-07-10
NASDAQ:AMD,AMD,"Advanced Micro Devices, Inc.",16.135257593555956,52.0989010989011,-22.228465471708716,stock,['common'],5122819016.74,138.41,0.4280946161660162,37011914,0.7215916925723079,224418574668.0,101.4587303914382,1.3642,99.18236238866992,0.0,Electronic Technology,1.336364,2025-07-10
NASDAQ:COIN,COIN,"Coinbase Global, Inc.",46.22936712821717,121.86943620178043,67.23328114515769,stock,['common'],4948553753.6,373.85,5.363282791274457,13236736,0.746259162512514,95221453717.0,70.0592181702335,5.3362,6.572666813125351,0.0,Finance,1.594595,2025-07-10
NASDAQ:HOOD,HOOD,"Robinhood Markets, Inc.",31.196225367749104,134.59057071960302,324.89887640449444,stock,['common'],3990123852.7200003,94.54,3.582776377780224,42205668,0.6539065866750284,83428614119.0,53.95810741396039,1.7521,1104.192439862543,0.0,Finance,1.4,2025-07-10
NYSE:UNH,UNH,UnitedHealth Group Incorporated,-0.6966413690232268,-47.795289839461596,-37.970225052730726,stock,['common'],3882293571.8700004,302.91,-1.5567110822229326,12816657,1.1623652499482287,274781914576.0,12.66245574139178,23.9219,46.134344952290185,2.80941533788914,Health Services,1.446429,2025-07-10
NYSE:BA,BA,Boeing Company (The),7.276428537613031,46.212414505097435,22.413699962184637,stock,['common'],3730350382.0,226.6,3.6976020501555844,16462270,2.341084102116749,170857649353.0,,-17.9353,-406.76141500904157,0.0,Electronic Technology,1.354839,2025-07-10
NYSE:CRCL,CRCL,"Circle Internet Group, Inc.",51.20554550934298,190.84057971014494,190.84057971014494,stock,['common'],3599078402.2000003,200.68,-2.016503100434547,17934415,0.4893613372478242,45682816672.759995,,,,0.0,Technology Services,1.75,2025-07-10
NYSE:JPM,JPM,JP Morgan Chase & Co.,6.451127819548882,23.11304347826088,37.703642464620934,stock,['common'],3192289491.1600003,283.16,0.13438008345712296,11273801,1.085063920045566,786928403820.0001,13.898719389783588,20.3731,23.021508882528412,1.78344398926402,Finance,1.555556,2025-07-10
NASDAQ:NFLX,NFLX,"Netflix, Inc.",3.9874725558568915,38.23636714809965,86.7072463768116,stock,['common'],3071705264.88,1288.28,1.0170076295175312,2384346,0.784729458688308,548254992741.0,60.87589309341095,21.1624,46.8255014465806,0.0,Technology Services,1.423077,2025-07-10
NYSE:PG,PG,Procter & Gamble Company (The),-3.592631127975994,-3.3026396562308133,-5.467202784612606,stock,['common'],2956791222.88,157.52,-0.23434036354422458,18770894,1.9334882467436234,369312264625.99994,25.01747030048917,6.2964,2.9479570314416033,2.58779837480955,Consumer Non-Durables,1.38,2025-07-10
NASDAQ:COST,COST,Costco Wholesale Corporation,-2.995792260129188,1.6130367304707742,11.115008202749335,stock,['common'],2870220878.76,982.09,-0.38038626957721333,2922564,1.5230290234249502,435534418683.0,55.707827310216516,17.6293,9.270714533644068,0.48671710332047,Retail Trade,1.539474,2025-07-10
NYSE:V,V,Visa Inc.,-3.2531977608913243,9.066520334125972,33.99250936329588,stock,['common'],2610605845.12,357.76,0.9053730080383527,7297087,1.0872970029373805,693753622292.0,36.38841705910473,9.8317,11.649008051420076,0.640093917710197,Finance,1.290698,2025-07-10
NYSE:ORCL,ORCL,Oracle Corporation,34.856456593846495,72.56494694474935,62.4819127678633,stock,['common'],2563638127.06,235.81,0.558635394456291,10871626,0.5971630013528745,662350904715.0,54.322836278191154,4.3409,17.115877512478086,0.720919384250032,Technology Services,1.416667,2025-07-10
NASDAQ:MU,MU,"Micron Technology, Inc.",11.624509177244079,68.60689655172412,-7.218216318785582,stock,['common'],2501481710.08,122.24,-1.752129882655527,20463692,0.6799517201759854,136801852531.0,22.063787159540095,5.5403,,0.37630890052356,Electronic Technology,1.2625,2025-07-10
NYSE:KO,KO,Coca-Cola Company (The),-2.620882971268382,-1.0115401054281148,10.180780209324457,stock,['common'],2341757602.44,69.48,-1.082004555808643,33704053,2.1140296146707254,299060457926.0,27.818705957719413,2.4976,0.3495520109285109,2.86413356361543,Consumer Non-Durables,1.230769,2025-07-10
NYSE:BAC,BAC,Bank of America Corporation,3.8350698293061494,28.964757709251106,14.916584887144273,stock,['common'],2165312259.8,46.84,-0.6574761399787808,46227845,0.9929890438087257,352793071891.0,13.984176742797434,3.3495,15.667518475032807,2.2203245089667,Finance,1.269231,2025-07-10
NYSE:LLY,LLY,Eli Lilly and Company,1.9392447697389614,6.498849641358774,-15.2984231203918,stock,['common'],2127111648.1999998,786.92,1.1907517424067062,2703085,0.9609900438802768,745792078774.0001,65.18933337751525,12.0713,80.77844670081171,0.711635236110405,Health Technology,1.266667,2025-07-10
NYSE:HIMS,HIMS,"Hims & Hers Health, Inc.",-10.435238594651283,79.85257985257988,151.17647058823533,stock,['common'],2023532828.52,51.24,4.656862745098041,39491273,0.8852825586358224,11469127778.000002,74.58515283842794,0.687,,0.0,Health Services,1.866667,2025-07-10
NASDAQ:ADBE,ADBE,Adobe Inc.,-10.523730214836032,3.4379588331440196,-34.84338190384783,stock,['common'],1764803719.56,373.38,-2.3179154457932225,4726562,1.1009831873349158,158387802629.00003,23.8767601580785,15.6378,40.438257745846435,0.0,Technology Services,1.45122,2025-07-10
NASDAQ:SMCI,SMCI,"Super Micro Computer, Inc.",18.41856060606061,42.54773439726417,-44.901578489364745,stock,['common'],1753870117.5400002,50.02,1.852983099165147,35063377,0.7452017481599374,29852817973.0,27.607903742134894,1.8118,1.6836906499045925,0.0,Electronic Technology,1.789474,2025-07-10
NYSE:CRM,CRM,"Salesforce, Inc.",-0.707348359904712,4.200000000000006,5.790932875161093,stock,['common'],1726716205.76,270.92,-0.9976247030878719,6373528,0.7667121154273252,258999532837.00003,42.37561196877982,6.3933,14.98534199025197,0.602391849992618,Technology Services,1.232759,2025-07-10
NASDAQ:INTC,INTC,Intel Corporation,15.924826904055402,13.373639661426846,-33.05726117378266,stock,['common'],1646607002.16,23.44,-0.635862653666802,70247739,0.7719491014598524,102245282330.00002,,-4.4723,-565.913115949578,2.13310580204778,Electronic Technology,2.056818,2025-07-10
NASDAQ:CSCO,CSCO,"Cisco Systems, Inc.",4.7719882023746525,19.802836388792798,50.58695652173912,stock,['common'],1646267287.23,69.27,0.9913981629975107,23765949,1.0505021993428605,274309068325.0,28.38934426229508,2.44,-17.800835466918205,2.32423848707954,Electronic Technology,1.481481,2025-07-10
NYSE:ANET,ANET,"Arista Networks, Inc.",8.471116554398854,43.62162162162162,14.301078159868792,stock,['common'],1542301562.96,106.28,2.7952413192765264,14511682,1.5571843635519707,133479323447.0,44.9615026652001,2.3638,31.519501474433874,0.0,Electronic Technology,1.25,2025-07-10
NYSE:MRK,MRK,"Merck & Company, Inc.",5.150106770506211,3.845676715047754,-33.16033216224849,stock,['common'],1539813640.1999998,83.71,2.875752734422993,18394620,0.9649097029914582,210198423639.0,12.186990449569064,6.8688,664.6443281754425,3.82272129972524,Health Technology,1.442308,2025-07-10
NASDAQ:APP,APP,Applovin Corporation,-12.089719626168222,30.644444444444446,311.8388791593695,stock,['common'],1493802752.7,352.74,2.3176214648295894,4234855,0.6979505344613545,119362572127.0,63.69447453954496,5.538,228.1000059245216,0.0,Technology Services,1.290323,2025-07-10
NASDAQ:CRWV,CRWV,"CoreWeave, Inc.",3.552097428958051,226.33262260127933,292.43589743589746,stock,['common'],1465025822.2,153.05,1.0564542753384107,9572204,0.6893556686243437,74696298019.0,,,,0.0,Technology Services,1.886364,2025-07-10
NYSE:CVX,CVX,Chevron Corporation,8.872287442191391,6.84261974584556,0.013071895424843289,stock,['common'],1453062311.96,153.02,-0.14356564865570273,9495898,1.0886404763582376,267233205237.0,17.543738964940037,8.7222,-19.72425979954533,4.36544242582669,Energy Minerals,1.464286,2025-07-10
NYSE:UBER,UBER,"Uber Technologies, Inc.",11.955514365152927,34.68989547038328,35.3501400560224,stock,['common'],1435965738.88,96.64,-0.861715223635621,14858917,0.7071813719990164,202090494816.99997,16.851209262585225,5.7349,795.0991103480567,0.0,Transportation,1.245614,2025-07-10
NYSE:GE,GE,GE Aerospace,-1.452641524289425,37.61957119296317,52.65886083668742,stock,['common'],1399207769.49,250.33,1.3276664642784866,5589453,0.6969876661761245,266948558699.0,39.03599051896208,6.4128,110.51802245420525,0.591219590141014,Electronic Technology,1.285714,2025-07-10
NYSE:MA,MA,Mastercard Incorporated,-4.013656282909263,11.498924688751659,26.521885144968106,stock,['common'],1386986205.15,565.11,0.4747173031789984,2454365,0.7333062661860265,513146793395.0,39.640151515151516,14.256,13.306522119251623,0.502557024296155,Finance,1.402439,2025-07-10
NYSE:VST,VST,Vistra Corp.,13.439281395750564,73.37850919651501,114.25774877650895,stock,['common'],1365572056.86,197.01,3.5913345251866566,6931486,1.3828677157223628,66851789588.0,30.90159048843994,6.3754,313.3964466346777,0.451499923861733,Utilities,1.236842,2025-07-10
NASDAQ:MRVL,MRVL,"Marvell Technology, Inc.",4.016122067079324,24.16874301915973,-3.922350751229875,stock,['common'],1333446369.26,72.26,0.4308547602501768,18453451,0.7922986639387951,62302574724.0,,-0.5738,49.440479337386556,0.332133960697481,Electronic Technology,1.162791,2025-07-10
NYSE:WMT,WMT,Walmart Inc.,-0.6057494866529809,9.106277470979373,38.49785407725321,stock,['common'],1326547447.47,96.81,-0.2883922134102391,13702587,0.8166774069270357,772584244071.0,41.531531531531535,2.331,-0.4186602870813505,0.914161760148745,Retail Trade,1.182927,2025-07-10
NYSE:WFC,WFC,Wells Fargo & Company,6.8451992161985755,25.927636643571983,38.45112145577656,stock,['common'],1319723608.2700002,81.79,0.2451280794215012,16135513,0.9200298056231837,266159599239.00003,14.695102231485142,5.5658,16.10897863818426,1.95622936789339,Finance,1.407407,2025-07-10
NASDAQ:SOFI,SOFI,"SoFi Technologies, Inc.",40.563086548488,84.82632541133455,218.42519685039372,stock,['common'],1299169111.1399999,20.22,1.3533834586466145,64251687,0.7604872320984641,22350442320.000004,48.051330798479086,0.4208,,0.0,Finance,1.863636,2025-07-10
NASDAQ:DDOG,DDOG,"Datadog, Inc.",16.635346025002043,50.26315789473684,8.390280941533799,stock,['common'],1292535014.0,142.75,-2.185829793065642,9054536,0.5638965874630054,49299176207.99999,309.25043327556324,0.4616,42.11822660098524,0.0,Technology Services,1.265957,2025-07-10
NYSE:MO,MO,"Altria Group, Inc.",-2.3833671399594265,2.1581461171059595,25.461655442102977,stock,['common'],1283479197.0,57.75,-3.0063822640241837,22224748,2.8581004120122206,97277097473.0,9.66543373110847,5.9749,25.128795811518312,7.06493506493507,Consumer Non-Durables,1.9375,2025-07-10
NYSE:HD,HD,"Home Depot, Inc. (The)",1.012740934335192,5.155165084313446,9.467473078625176,stock,['common'],1255678391.52,371.04,0.9632653061224546,3384213,0.8848772619918228,369158085650.0,25.171807900788995,14.7403,-1.110306055360999,2.45256576110392,Retail Trade,1.418919,2025-07-10
NYSE:BBAI,BBAI,"BigBear.ai, Inc.",88.01020408163265,146.48829431438125,394.6308724832215,stock,['common'],1247443871.08,7.37,-2.898550724637678,169259684,0.6336924782736859,2146061512.9999998,,-0.7731,13.581488933601605,0.0,Technology Services,1.5,2025-07-10
NYSE:CAT,CAT,"Caterpillar, Inc.",13.219976352682838,35.56019954159363,22.41431789127655,stock,['common'],1247147310.24,402.18,2.001065205812977,3100968,1.1374002481252694,189151271964.0,19.59826910706976,20.5212,-7.354335401034759,1.40235715351335,Producer Manufacturing,1.535714,2025-07-10
NYSE:GEV,GEV,GE Vernova Inc.,8.89634146341463,71.69914113575182,207.419095708056,stock,['common'],1229909861.61,535.77,1.0886792452830154,2295593,0.64340231599194,146230258170.0,76.4599269322982,7.0072,,0.093323627676055,Producer Manufacturing,1.357143,2025-07-10
NYSE:GS,GS,"Goldman Sachs Group, Inc. (The)",13.307848718991451,38.45358775591332,49.60481099656356,stock,['common'],1228497795.84,696.56,-0.10325837540156425,1763664,0.6293207361472304,213733253621.0,16.16527306863093,43.0899,68.23646081826594,1.7227518088894,Finance,1.615385,2025-07-10
NYSE:XOM,XOM,Exxon Mobil Corporation,9.076967315249687,9.729052164690005,2.4210242102421002,stock,['common'],1212204655.6,113.8,-0.34153603643051106,10652062,0.6128940429916891,490436949578.0,15.055698145159155,7.5586,-7.258717577482757,3.44463971880492,Energy Minerals,1.467742,2025-07-10
NASDAQ:AMAT,AMAT,"Applied Materials, Inc.",16.43525415648649,37.376080995570554,-21.213709677419363,stock,['common'],1205719450.6499999,195.39,0.20513872506281206,6170835,0.8843860668107262,156800116740.0,23.781356117866135,8.2161,-5.589198506176383,0.849582885511029,Electronic Technology,1.388889,2025-07-10
NYSE:NOW,NOW,"ServiceNow, Inc.",-1.6770126091173583,25.60061455351943,34.988547991903694,stock,['common'],1169428020.52,1013.71,-0.9061760738235334,1153612,0.9339842872703703,209991958363.0,137.60893763744468,7.3666,-21.238947514727734,0.0,Technology Services,1.211111,2025-07-10
NYSE:TMO,TMO,Thermo Fisher Scientific Inc,3.6280171775507153,-5.9408602150537595,-21.968443940604736,stock,['common'],1148541851.4,419.88,-1.4759368327193423,2735405,0.9873758057923343,158502139099.0,24.63954368607292,17.0409,9.326242044754679,0.390587786986758,Health Technology,1.274194,2025-07-10
NASDAQ:INTU,INTU,Intuit Inc.,-0.0817948118719321,31.98703436921177,16.678795597198217,stock,['common'],1144038632.04,769.59,-1.5214720786200524,1486556,0.9393950309043951,214674822268.99997,62.6242981528196,12.289,13.566213843452546,0.522356059720111,Technology Services,1.308824,2025-07-10
NASDAQ:TXN,TXN,Texas Instruments Incorporated,11.690925983276545,34.57926487965669,6.91205533596837,stock,['common'],1132081071.3,216.39,-0.11078797950422799,5231670,0.9203014254683064,196584265457.0,40.999261069743646,5.2779,-17.7410305165051,2.48625167521605,Electronic Technology,1.792683,2025-07-10
NYSE:IONQ,IONQ,"IonQ, Inc.",7.111790290349139,79.86577181208057,492.4577373211964,stock,['common'],1119599413.0,45.56,1.3119857682899787,24574175,1.078296606436854,11919998249.0,,-1.4902,-79.17518335938439,0.0,Electronic Technology,1.357143,2025-07-10
NYSE:FCX,FCX,"Freeport-McMoRan, Inc.",8.612269207861827,39.333740831295856,-10.71288679984332,stock,['common'],1106789569.75,45.59,-1.4696347525394418,24277025,1.4502125206991983,65476367123.00001,37.631035905901776,1.2115,6.486771556649389,1.31607808729985,Non-Energy Minerals,1.326087,2025-07-10
NYSE:ABBV,ABBV,AbbVie Inc.,0.0577397511941702,7.240506329113926,14.130044306071126,stock,['common'],1066416727.6800001,190.62,0.4479106286557381,5594464,0.6782314819367773,336711722485.99994,81.28091420774348,2.3452,-30.173286488417787,3.3469730353583,Health Technology,1.433333,2025-07-10
NYSE:FICO,FICO,Fair Isaac Corporation,-10.60207806795844,-12.101851033751549,2.7466143379077934,stock,['common'],1059231054.07,1591.73,-6.543093173317992,665459,1.9187954931045976,38745397849.0,68.55881466167033,23.217,21.837560414993924,0.0,Commercial Services,1.583333,2025-07-10
NASDAQ:BKNG,BKNG,Booking Holdings Inc. Common Stock,1.1933157180604184,25.243945554180648,41.53010240135037,stock,['common'],1049125863.8,5668.04,-0.7927075803428117,185095,0.8422263952965094,184439930784.0,35.26497070813154,160.7272,20.54280832962093,0.647490137684279,Consumer Services,1.358974,2025-07-10
NASDAQ:PEP,PEP,"PepsiCo, Inc.",3.581606716475373,-7.523036721221289,-17.084900425426973,stock,['common'],1043916868.6399999,134.48,-0.41469194312796376,7762618,0.6912697242524465,184382760968.0,19.774144218327255,6.8008,2.3631054516993295,4.08053242117787,Consumer Non-Durables,1.791667,2025-07-10
NYSE:VZ,VZ,Verizon Communications Inc.,-2.38258877434135,0.2824193927982995,2.7489751627682675,stock,['common'],1002180339.79,42.61,-1.0450534138411582,23519839,1.3136245959480624,179654623130.0,10.123063765086002,4.2092,56.96599045346063,6.33067355080967,Communications,1.660714,2025-07-10
NYSE:SPOT,SPOT,Spotify Technology S.A.,1.895045788708737,28.743091460153334,129.0553828585929,stock,['common'],983839395.84,722.12,0.10119352915898726,1362432,0.6826783995335608,144990083538.0,119.0261913003346,6.0669,,0.0,Technology Services,1.4875,2025-07-10
NYSE:PFE,PFE,"Pfizer, Inc.",9.044368600682583,14.824797843665754,-8.321377331420374,stock,['common'],980538598.8,25.56,-0.23419203747073483,38362230,0.995333824029984,145317944835.0,18.524423829540513,1.3798,,6.6510172143975,Health Technology,1.72,2025-07-10
NASDAQ:EVOK,EVOK,"Evoke Pharma, Inc.",128.80523731587562,213.45291479820628,10.95238095238096,stock,['common'],979680241.59,6.99,162.78195488721806,140154541,10510.04034404927,10435077.0,,-3.1821,85.54004989480283,0.0,Health Technology,1.0,2025-07-10
NYSE:T,T,AT&T Inc.,0.9701760689903095,7.0884146341463525,49.309245483528166,stock,['common'],968151499.0,28.1,-0.6716154118062839,34453790,1.1533774064957525,202196420372.0,17.25620240727094,1.6284,-12.742471332118743,3.95017793594306,Communications,1.448276,2025-07-10
NASDAQ:SBET,SBET,"SharpLink Gaming, Inc.",-55.41035023523262,434.2603031441813,163.8089936289973,stock,['common'],964853327.02,17.06,4.726826273787597,56556467,2.718810508399474,1102945522.0,,-9.083,98.90192283792561,0.0,Commercial Services,,2025-07-10
NYSE:JNJ,JNJ,Johnson & Johnson,0.9234743299967755,3.9303052470572566,7.283586187959096,stock,['common'],960760211.8,156.28,0.3145259644393152,6147685,0.8138586579153756,376021123352.0,17.372358518880823,8.9959,29.575375219658355,3.21218326081392,Health Technology,1.6,2025-07-10
NASDAQ:CRWD,CRWD,"CrowdStrike Holdings, Inc.",9.185430886011352,39.16260162601626,30.82724007031668,stock,['common'],959903215.98,513.51,1.142384432057673,1869298,0.6221391031036331,127991429669.0,,-0.6987,-231.3099041533546,0.0,Technology Services,1.415094,2025-07-10
NYSE:MCD,MCD,McDonald's Corporation,-3.52615810094493,-2.7610008628127676,18.521215062896896,stock,['common'],957017971.0,293.02,0.4628518531216669,3266050,0.7439289685810533,209518896132.0,25.848623853211006,11.336,-3.7086115216689626,2.38208995972971,Consumer Services,1.621622,2025-07-10
NYSE:ACN,ACN,Accenture plc,-6.480928272695832,1.6856429719287276,-0.5650473101741943,stock,['common'],945065823.9999999,297.4,-1.9549665380938275,3177760,0.9744757611359284,185236377619.00003,23.66948673665109,12.5647,15.009748372982829,1.92669804976463,Technology Services,1.423077,2025-07-10
NYSE:AES,AES,The AES Corporation,20.655141037306638,25.09433962264151,-25.421822272215977,stock,['common'],930079644.78,13.26,19.783197831978313,70141753,4.166522078578749,9440096365.0,7.2391767210787785,1.8317,153.66292757235843,5.25565610859729,Utilities,1.59375,2025-07-10
NASDAQ:TMUS,TMUS,"T-Mobile US, Inc.",-5.047821466524971,-9.299964861593718,29.290961709706142,stock,['common'],914937602.54,232.31,-1.551044624316649,3938434,0.9279189175880631,263775241058.00003,22.643403674643015,10.2595,39.59453024015238,1.41621109724076,Communications,1.515625,2025-07-10
NASDAQ:PROK,PROK,ProKidney Corp.,343.94435351882163,618.4241019698725,100.0,stock,['common'],913757036.64,4.34,16.353887399463805,210543096,5.736798555389972,1270307825.9999998,,-0.6026,-5.626643295354955,0.0,Health Technology,1.642857,2025-07-10
NYSE:NKE,NKE,"Nike, Inc.",16.20853080568721,28.54521625163827,0.35470668485676005,stock,['common'],888353960.4,73.56,-0.48701298701298623,12076590,0.3700867216757541,108573878409.0,34.11082773011825,2.1565,-42.12757963663689,2.13431212615552,Consumer Non-Durables,1.666667,2025-07-10
NASDAQ:PTC,PTC,PTC Inc.,23.189932689493713,45.29200607483085,16.668514412416847,stock,['common'],880527553.75,210.47,17.64673001676914,4183625,4.585841348770355,25245424786.0,57.827783272887125,3.6396,52.023724990601906,0.0,Technology Services,1.431818,2025-07-10
NASDAQ:STX,STX,Seagate Technology Holdings PLC,9.626370233132624,98.0337470366755,37.34042553191488,stock,['common'],880287185.6899999,142.01,-1.702775662767362,6198769,1.436801765447591,30137001501.999996,20.519897118746925,6.9206,,2.01394268009295,Electronic Technology,1.478261,2025-07-10
NASDAQ:SOUN,SOUN,"SoundHound AI, Inc.",24.277456647398836,54.676258992805764,204.96453900709218,stock,['common'],876479251.2,12.9,1.4948859166010975,67944128,1.3501688054589402,5182372989.000001,,-0.5504,-46.85165421558163,0.0,Technology Services,1.388889,2025-07-10
NYSE:IBM,IBM,International Business Machines Corporation,8.220813129429303,25.601731601731593,63.36711711711712,stock,['common'],862095593.26,290.14,-0.09641209283108242,2971309,0.8598179493723779,269655127299.99997,49.9079728218801,5.8135,-34.17462096765062,2.30578341490315,Technology Services,1.673913,2025-07-10
NYSE:C,C,"Citigroup, Inc.",9.147582697201033,38.17039780963118,32.39197530864199,stock,['common'],851839537.0300001,85.79,0.25709945074209783,9929357,0.604177820036861,160232870907.0,13.552066220144068,6.3304,87.00224506676119,2.61102692621518,Finance,1.291667,2025-07-10
NYSE:DIS,DIS,Walt Disney Company (The),5.816809966660814,35.63877642825011,23.740638145070278,stock,['common'],811091636.32,120.61,-0.9932687571827236,6724912,0.7669024168849649,216826172186.99997,24.633892281611896,4.8961,430.45503791982657,0.829118646878368,Consumer Services,1.28125,2025-07-10
NASDAQ:ADI,ADI,"Analog Devices, Inc.",8.446708218841454,27.996625006591785,3.832991101984945,stock,['common'],810478973.4399999,242.72,-0.9912298592698374,3339152,1.019764979761839,120449363579.0,66.07682465358126,3.6733,-14.010487382368089,1.57382992748846,Electronic Technology,1.411765,2025-07-10
NASDAQ:SBUX,SBUX,Starbucks Corporation,6.926358329591381,10.61433050749042,27.62963955513869,stock,['common'],792711362.25,95.25,0.3265220139035204,8322429,0.9239458977962018,108242102325.0,34.62251463051143,2.7511,-24.245511620222494,2.51968503937008,Consumer Services,1.635135,2025-07-10
NYSE:DHI,DHI,"D.R. Horton, Inc.",13.255871041649621,16.018440905280805,1.7720588235294092,stock,['common'],791939251.31,138.41,5.358909948999004,5721691,1.6035326819122786,42516961317.0,10.47291162227603,13.216,-10.025461922851735,1.08373672422513,Consumer Durables,1.75,2025-07-10
NASDAQ:MARA,MARA,"MARA Holdings, Inc.",13.810110974106054,56.83942225998302,-6.341958396752917,stock,['common'],789006853.1800001,18.46,5.365296803652975,42741433,0.9714647413829591,6496586218.000001,,-1.4397,-159.20305946212682,0.0,Technology Services,1.647059,2025-07-10
NASDAQ:ADSK,ADSK,"Autodesk, Inc.",3.457912457912452,19.48592316067816,26.360159559156145,stock,['common'],787430074.55,307.27,-2.426089993966544,2562665,1.8337839321209457,65738734704.00001,65.84169023742179,4.6668,1.1180447217888831,0.0,Technology Services,1.3125,2025-07-10
NASDAQ:CME,CME,CME Group Inc.,1.5099064594534748,7.411737198971235,41.223486012911145,stock,['common'],783231335.64,275.64,0.00362805209882484,2841501,1.2613247860686938,99329419880.99998,27.710867598270838,9.947,13.307057912243117,3.84559570454216,Finance,1.775,2025-07-10
NASDAQ:AAL,AAL,"American Airlines Group, Inc.",-3.4482758620689666,9.0218423551757,4.744525547445251,stock,['common'],770139611.36,11.48,-0.8635578583765081,67085332,1.4872275057598279,7571201236.0,13.253290233202495,0.8662,45.165074576839274,0.0,Transportation,1.537037,2025-07-10
NYSE:AXP,AXP,American Express Company,4.463609730405873,24.443660176852358,35.05979486742989,stock,['common'],769425230.2,317.35,0.11672660735693247,2424532,0.8143120891758209,222331881277.99997,22.16889857562993,14.3151,17.88670108950761,0.920119741610209,Finance,1.703125,2025-07-10
NYSE:NU,NU,Nu Holdings Ltd.,12.078882497945774,29.044465468306527,5.9006211180124195,stock,['common'],767896345.0400001,13.64,0.36791758646063805,56297386,0.621493260163378,65726507734.00001,31.02820746132848,0.4396,68.81720430107525,0.0,Finance,1.642857,2025-07-10
NASDAQ:MDLZ,MDLZ,"Mondelez International, Inc.",1.31858138829947,0.6019563581640203,1.4723740133576182,stock,['common'],765934209.2499999,66.85,-1.9650975216307427,11457505,1.5252677414486804,86558409499.0,24.843912591050987,2.6908,-14.452851783556945,2.81226626776365,Consumer Non-Durables,1.431034,2025-07-10
NASDAQ:LULU,LULU,lululemon athletica inc.,-11.497551916258665,-10.270455323519343,-19.683350357507663,stock,['common'],763226341.02,235.89,-1.1109247924876355,3235518,0.9177232432689396,29477151918.000004,16.09720146580138,14.6541,17.42914152462917,0.0,Consumer Non-Durables,1.628571,2025-07-10
NYSE:F,F,Ford Motor Company,14.965986394557833,30.000000000000007,-8.719135802469141,stock,['common'],755781814.0600001,11.83,1.2842465753424688,63886882,0.639575759716184,47044322572.99999,9.479166666666666,1.248,28.659793814432994,6.33981403212172,Consumer Durables,2.019231,2025-07-10
NYSE:COF,COF,Capital One Financial Corporation,9.56281407035176,28.63126843657817,60.54046093807525,stock,['common'],754827491.05,218.03,0.24367816091954075,3462035,0.9338302454038997,139569194313.0,18.308002351162983,11.909,-6.73067886344412,1.10076594963996,Finance,1.32,2025-07-10
NYSE:SHW,SHW,Sherwin-Williams Company (The),-1.8126972600061315,5.583420934074195,17.148760330578526,stock,['common'],745292220.12,351.54,1.6011560693641675,2120078,1.2951251267816684,88096126758.0,33.265201839550336,10.5678,12.732819867295342,0.856232576662684,Process Industries,1.534483,2025-07-10
NYSE:PNC,PNC,"PNC Financial Services Group, Inc. (The)",9.36158349595762,25.057383320581472,24.10782080485953,stock,['common'],731700858.42,196.14,-0.9393939393939463,3730503,1.3093011973296242,77586508409.0,13.847294292068197,14.1645,18.984417657188455,3.26297542571633,Finance,1.46,2025-07-10
NASDAQ:LRCX,LRCX,Lam Research Corporation,14.592422502870276,46.790205162144275,-9.764035801464603,stock,['common'],730911923.73,99.81,-0.02003405789842334,7323033,0.7905848686602958,127668768647.99998,27.80532649877424,3.5896,31.989998529195475,0.921751327522292,Producer Manufacturing,1.287879,2025-07-10
NASDAQ:ISRG,ISRG,"Intuitive Surgical, Inc.",-0.6340545625587967,3.758349705304518,17.986238327152492,stock,['common'],729360205.12,528.13,0.15740565143183027,1381024,0.9218022877253381,189291428641.0,77.46794965822747,6.8174,23.011132964038914,0.0,Health Technology,1.5,2025-07-10
NYSE:CNC,CNC,Centene Corporation,-40.44276457883369,-47.367583903292505,-49.90917347865577,stock,['common'],719402244.7500001,33.09,1.5030674846625827,21740775,1.0571742744809345,16465683240.999998,4.9267464713239235,6.7164,33.41543840133487,0.0,Health Services,1.613636,2025-07-10
NASDAQ:LIN,LIN,Linde plc,-0.18955238105324168,7.016826759316024,8.537540304007369,stock,['common'],717508103.73,471.27,0.2808809447813583,1522499,0.8689370413179406,221838309578.99997,34.19981277077483,13.7799,6.9129250750645905,1.22647314702824,Process Industries,1.387097,2025-07-10
NASDAQ:SHOP,SHOP,Shopify Inc.,3.5319688462235024,31.040806969280148,70.5250596658711,stock,['common'],700302370.56,114.32,1.6358463726884684,6125808,0.849957606237902,148316585004.48178,97.41094456611722,1.17358476,,0.0,Commercial Services,1.423077,2025-07-10
NYSE:CCL,CCL,Carnival Corporation,17.86590351594439,57.36899563318776,64.64877213021128,stock,['common'],688324956.66,28.83,-0.03467406380028282,23875302,0.6491817341087488,37489680487.0,15.6260162601626,1.845,183.14917127071823,0.0,Consumer Services,1.303571,2025-07-10
NYSE:MS,MS,Morgan Stanley,7.0483248884519565,30.136986301369877,40.70576540755469,stock,['common'],684704527.6,141.55,0.29759795932829014,4837192,0.7945204084431648,227091372340.0,16.60878135780161,8.5226,55.269726174643374,2.61391734369481,Finance,1.769231,2025-07-10
NASDAQ:MDB,MDB,"MongoDB, Inc.",-2.387267904509285,29.693566692551226,-15.844961240310075,stock,['common'],682949440.16,217.12,3.9348970799425556,3145493,1.6604962548348765,17741810521.0,,-1.1506,59.06212196683982,0.0,Technology Services,1.307692,2025-07-10
NYSE:PM,PM,Philip Morris International Inc,-1.7878821322149923,16.47905759162302,73.26713395638629,stock,['common'],680113372.18,177.98,0.14629754670267325,3821291,0.7835805439771545,277028905000.00006,36.573988451184675,4.8663,-4.800751217794473,3.03404876952467,Consumer Non-Durables,1.475,2025-07-10
NASDAQ:DASH,DASH,"DoorDash, Inc.",12.856028986836673,33.67740533492694,124.11877220147552,stock,['common'],680017321.44,246.06,1.9008572493477465,2763624,0.5838609729997912,104266477116.0,321.7311715481171,0.7648,,0.0,Transportation,1.352273,2025-07-10
NYSE:RDDT,RDDT,"Reddit, Inc.",21.73004596740493,40.07501442585112,98.21720195971693,stock,['common'],671376733.65,145.65,-0.212386955330229,4609521,0.5302061538416944,26875424595.0,225.32487623762378,0.6464,,0.0,Technology Services,1.446429,2025-07-10
NYSE:CVNA,CVNA,Carvana Co.,4.21193232413179,72.95073891625614,187.07277187244478,stock,['common'],667782659.43,351.09,1.4945652173912924,1902027,0.5496775603101444,75183432961.0,122.91776073941811,2.8563,15.048133080919973,0.0,Retail Trade,1.5,2025-07-10
NASDAQ:QCOM,QCOM,QUALCOMM Incorporated,4.966734734207227,16.305379169403697,-22.82545524990314,stock,['common'],667695622.0,159.35,-0.06271558482282491,4190120,0.48981147088545224,174966306702.00003,16.227087576374743,9.82,31.966188703586738,2.15877000313775,Electronic Technology,1.567568,2025-07-10
NASDAQ:CRDO,CRDO,Credo Technology Group Holding Ltd,33.265055305202786,134.25348055688914,206.69390320553114,stock,['common'],666378383.73,97.59,4.5308483290488475,6828347,1.361504530411381,16750525604.0,350.16146393972014,0.2787,,0.0,Technology Services,1.115385,2025-07-10
NYSE:DAL,DAL,"Delta Air Lines, Inc.",-1.1695906432748429,20.085267645665574,9.337934009057593,stock,['common'],652528925.1,50.7,0.35629453681710155,12870393,1.2906206561649987,33104720841.000004,8.9879274583843,5.6409,-27.557245046040034,1.18343195266272,Transportation,1.2,2025-07-10
NYSE:NEE,NEE,"NextEra Energy, Inc.",1.9659421293091537,10.254491017964085,2.2064945878434683,stock,['common'],649494750.9000001,73.65,1.6422853988407562,8818666,0.6317856665722331,151618183915.0,27.541976739837704,2.6741,-27.136239782016343,2.93686354378819,Utilities,1.479167,2025-07-10
NYSE:RCL,RCL,Royal Caribbean Cruises Ltd.,20.07127173247903,66.10397370779803,108.48125,stock,['common'],645802861.38,333.57,1.0205935796486991,1936034,0.5186032940641994,90584392532.0,28.015083817650417,11.9068,56.07901739483792,0.734478520250622,Consumer Services,1.314815,2025-07-10
NYSE:QBTS,QBTS,D-Wave Quantum Inc.,-13.18855932203389,133.4757834757835,1200.7936507936508,stock,['common'],643968607.0400001,16.39,2.501563477173235,39290336,0.9254984565684449,5121452993.0,,-0.6043,-13.504883546205853,0.0,Electronic Technology,1.0,2025-07-10
NYSE:BSX,BSX,Boston Scientific Corporation,1.4784151389710232,8.117189961146686,34.67625899280574,stock,['common'],642612072.9599999,102.96,0.5370569280343689,6241376,0.8645963898951574,152323801136.0,75.43962485345838,1.3648,14.02790542234104,0.0,Health Technology,1.171429,2025-07-10
NYSE:LEN,LEN,Lennar Corporation,5.159525979945302,8.584337349397595,-19.49755757152827,stock,['common'],640481488.64,115.36,4.473827205216444,5552024,1.6259254329571493,29725771055.000004,9.537273576560265,12.0957,-17.776735459662287,1.73370319001387,Consumer Durables,1.738095,2025-07-10
NASDAQ:PANW,PANW,"Palo Alto Networks, Inc.",3.526929260450166,21.979518143609777,21.569321533923304,stock,['common'],636718600.02,206.06,1.0147556252757455,3089967,0.7216141461797101,137400803857.0,117.9170243204578,1.7475,-49.128118540944946,0.0,Technology Services,1.359649,2025-07-10
NASDAQ:RKLB,RKLB,Rocket Lab Corporation,30.466666666666665,97.57698132256438,687.5251509054326,stock,['common'],636700517.26,39.14,1.0325245224574047,16267259,0.5422717934228776,18396469804.0,,-0.4128,-10.522088353413656,0.0,Electronic Technology,1.3,2025-07-10
NYSE:PGR,PGR,Progressive Corporation (The),-9.924460431654678,-7.498799453289492,19.265574395122876,stock,['common'],634712474.13,250.41,-0.4887935145445835,2534693,0.548577983983435,146796262039.0,16.86024198598178,14.8521,52.022068231368415,1.9567908629847,Finance,1.478261,2025-07-10
NYSE:VRT,VRT,"Vertiv Holdings, LLC",11.461318051575933,85.53259141494438,38.09165232358005,stock,['common'],633670263.6,128.37,1.9699737866391325,4936280,0.7864978847019989,48922471905.0,74.42602040816327,1.7248,65.83020863378522,0.107112253641817,Electronic Technology,1.211538,2025-07-10
NYSE:ELV,ELV,"Elevance Health, Inc.",-11.789125175092313,-20.956662634930048,-34.30197268588771,stock,['common'],631140655.6,346.36,-0.8870829279459641,1822210,0.9316868475652209,78254705034.0,13.513850955911042,25.63,-3.1474252632931465,1.92862917195981,Health Services,1.347826,2025-07-10
NYSE:BE,BE,Bloom Energy Corporation,30.500000000000004,65.66647432198502,131.7191283292978,stock,['common'],629821146.24,28.71,18.14814814814815,21937344,3.5969920324522726,6667283099.0,,-0.084,93.8066799380668,0.0,Producer Manufacturing,1.608696,2025-07-10
NASDAQ:WBD,WBD,"Warner Bros. Discovery, Inc. - Series A",8.192090395480236,29.101123595505616,61.83098591549297,stock,['common'],629391544.6800001,11.49,0.7011393514461005,54777332,0.9356215133932391,28427120622.999996,,-4.4045,-254.88679397308834,0.0,Consumer Services,1.444444,2025-07-10
NASDAQ:AMGN,AMGN,Amgen Inc.,2.082831273453353,2.965483714146803,-4.845645337269759,stock,['common'],622119716.4,296.52,-0.16161616161616774,2098070,0.7986157687017924,159440611527.0,27.067339729253575,10.9549,56.652986515279345,3.12289221637664,Health Technology,1.606061,2025-07-10
NYSE:ABT,ABT,Abbott Laboratories,0.15035333032625817,5.730158730158729,30.11036234007227,stock,['common'],614668154.26,133.22,-0.10497900419917122,4613933,0.6927777085340344,231781027029.0,17.28132418373568,7.7089,140.12272614004488,1.71145473652605,Health Technology,1.45,2025-07-10
NYSE:APH,APH,Amphenol Corporation,4.9812934259754105,53.142055200374244,43.93961600469,stock,['common'],613306620.29,98.21,0.8212709167436579,6244849,0.6623706674090502,118794728575.00002,47.591587516960644,2.0636,26.144629867351316,0.672029324915996,Electronic Technology,1.425,2025-07-10
NASDAQ:CHTR,CHTR,"Charter Communications, Inc.",2.066314271984627,18.59644998236747,39.87730061349694,stock,['common'],606748020.84,403.56,-1.9676432006996118,1503489,1.3497379235950278,61775484967.99999,11.190044420782938,36.0642,16.656746930272877,0.0,Consumer Services,1.76,2025-07-10
NYSE:BX,BX,Blackstone Inc.,12.260346657233827,19.10230428582153,31.640949062551847,stock,['common'],598810081.28,158.68,1.490246242404869,3773696,0.9457760030531928,192514728061.0,48.00338818973863,3.3056,16.57497531386656,2.55230652886312,Finance,1.66,2025-07-10
NASDAQ:MELI,MELI,"MercadoLibre, Inc.",-0.01695257315842877,26.38098785210279,45.79720893001135,stock,['common'],594771678.8,2477.08,0.019381409997578057,240110,0.7381098105494585,125581460725.0,60.93228052050279,40.653,82.20321891008831,0.0,Retail Trade,1.22,2025-07-10
NASDAQ:MNST,MNST,Monster Beverage Corporation,-6.0558271565999,2.8310029345762135,18.688981868898193,stock,['common'],593524205.75,59.57,-3.2797532066894024,9963475,1.8229634322333488,58095416779.0,39.327919720076586,1.5147,-4.531703012731632,0.0,Consumer Non-Durables,1.615385,2025-07-10
NASDAQ:GILD,GILD,"Gilead Sciences, Inc.",0.5701699852572834,8.032818164472431,68.76304023845007,stock,['common'],592797584.72,113.24,1.9629029353502545,5234878,0.6908249538228511,140862526039.0,23.811426288453855,4.7557,1225.8154446612768,2.75521017308372,Health Technology,1.433333,2025-07-10
NASDAQ:ABNB,ABNB,"Airbnb, Inc.",-3.2657100445324128,16.359153133236966,-10.508762751765625,stock,['common'],590005099.9499999,136.85,-0.10219724067451258,4311327,1.1210685326045111,85724592203.0,34.433736758674485,3.9743,-46.75660468356465,0.0,Consumer Services,1.891304,2025-07-10
NYSE:SNOW,SNOW,Snowflake Inc.,5.011594340069095,49.67959527824621,58.08221129871055,stock,['common'],589907836.0,221.9,-0.7158836689038005,2658440,0.6286859422319528,74038705833.99998,,-4.207,-49.96078990518285,0.0,Technology Services,1.269231,2025-07-10
NYSE:DE,DE,Deere & Company,-2.05192307692308,14.621027995319103,43.570301048596235,stock,['common'],587025744.85,509.33,0.08252932738597375,1152545,0.9530493701643936,137940341247.0,24.64019118849386,20.6707,-37.75704086456667,1.24280918068836,Producer Manufacturing,1.653846,2025-07-10
NYSE:NEM,NEM,Newmont Corporation,12.214688186419643,20.14314928425358,33.129390437344206,stock,['common'],586802813.75,58.75,1.978823120985941,9988133,0.9246124825540502,65388563538.00001,13.187429854096521,4.455,,1.70212765957447,Non-Energy Minerals,1.428571,2025-07-10
NYSE:HES,HES,Hess Corporation,10.656398973230656,12.178438661710034,3.9762938460478128,stock,['common'],583333764.8,150.88,0.43266990614391654,3866210,1.5604798186551323,46662814005.00001,20.894612934496607,7.221,10.6972038263429,1.32555673382821,Energy Minerals,1.5625,2025-07-10
NASDAQ:CORZ,CORZ,"Core Scientific, Inc.",7.914825231016468,86.01108033240997,29.758454106280194,stock,['common'],577046568.26,13.43,-4.208273894436519,42966982,1.055331300937358,4078612975.0000005,,-5.0391,-4885.470085470085,0.0,Technology Services,1.447368,2025-07-10
NYSE:UNP,UNP,Union Pacific Corporation,5.590034379604416,6.825368145270581,6.392837862155844,stock,['common'],575331216.57,236.49,-0.021138073898699143,2432793,0.8198139022478965,141297019035.0,21.305789293500784,11.0998,5.935349640672273,2.26648061228805,Transportation,1.46875,2025-07-10
NYSE:CB,CB,Chubb Limited,-4.188338352039422,-1.0146003464489004,11.181702668360861,stock,['common'],574796320.0,280.0,0.017860332202183023,2052844,1.0798763092588362,112203198242.0,13.47922995084895,20.7727,-7.804732992472651,1.32142857142857,Finance,1.608696,2025-07-10
NYSE:OKLO,OKLO,Oklo Inc.,4.313346228239839,130.76593923833974,628.7837837837837,stock,['common'],574349376.65,53.93,0.7660687593422955,10649905,0.6511435870870068,7884411997.0,,-5.399,-2987.16577540107,0.0,Producer Manufacturing,1.363636,2025-07-10
NYSE:HSY,HSY,The Hershey Company,0.30969340353050484,-1.0267065941453322,-12.26026655108897,stock,['common'],570514221.0,161.95,-4.696051315247465,3522780,1.8962592591057483,32811726436.999996,19.975085105333267,8.1076,-19.693337823649447,3.38376041988268,Consumer Non-Durables,2.038462,2025-07-10
NYSE:BMY,BMY,Bristol-Myers Squibb Company,-1.8533772652388913,-10.63191449465592,19.718663652348642,stock,['common'],569489387.66,47.66,1.3180272108843483,11949001,0.9103274650039533,96991951120.0,17.89374882673174,2.6635,,5.11959714645405,Health Technology,1.821429,2025-07-10
NYSE:FI,FI,"Fiserv, Inc.",2.126769818985604,-17.550882608276268,13.241918388977199,stock,['common'],568252330.75,170.95,0.3109963619293517,3324085,0.9140763777630373,94780462894.99998,30.238440584427067,5.6534,5.827296381572792,0.0,Commercial Services,1.277778,2025-07-10
NYSE:SCHW,SCHW,Charles Schwab Corporation (The),4.5645033412617355,24.437255694837575,26.413802546898523,stock,['common'],566856063.04,92.32,0.4023926046764441,6140122,0.7555394584824059,167742700949.0,28.06505547955616,3.2895,37.68206931190355,1.1265164644714,Finance,1.304348,2025-07-10
NASDAQ:ALAB,ALAB,"Astera Labs, Inc.",8.898582333696833,63.089988567695585,70.58421592073796,stock,['common'],563232469.06,99.86,8.190682556879743,5640221,1.0910560681996295,16468592656.000002,425.66069906223356,0.2346,,0.0,Electronic Technology,1.147059,2025-07-10
NYSE:JCI,JCI,Johnson Controls International plc,3.1576908175125973,39.21568627450981,57.54437869822486,stock,['common'],558368956.5,106.5,0.9478672985781991,5242901,1.155363008557731,70082037689.00002,28.40075735352943,3.7499,51.6765764672572,1.38967136150235,Producer Manufacturing,1.4375,2025-07-10
NASDAQ:KLAC,KLAC,KLA Corporation,13.83230579531442,38.844939088584745,5.796470318588119,stock,['common'],554870876.74,923.18,0.4308000261090841,601043,0.6584423136248589,122082651444.0,33.55127110174265,27.5155,44.179478311901995,0.731168352867263,Electronic Technology,1.533333,2025-07-10
NYSE:CL,CL,Colgate-Palmolive Company,2.0276292335115786,1.597514976702904,-6.100686968112378,stock,['common'],552614691.8199999,91.58,-0.6077707835901913,6034229,1.09255385091153,74218274697.99998,25.93085482911912,3.5317,11.875950329447535,2.20572177331295,Consumer Non-Durables,1.590909,2025-07-10
NASDAQ:WDC,WDC,Western Digital Corporation,14.346364762073236,80.5586592178771,9.0303234622847,stock,['common'],551664585.6,64.64,0.9684473601999447,8534415,1.3891897061978962,22551498752.0,12.290141648445669,5.2595,,0.15470297029703,Electronic Technology,1.230769,2025-07-10
NYSE:RBLX,RBLX,Roblox Corporation,13.200339558573868,86.7974085098932,167.30142821348036,stock,['common'],544323285.24,106.68,1.658090337335629,5102393,0.6731547080352359,72359407909.0,,-1.3404,27.608554763447824,0.0,Technology Services,1.455882,2025-07-10
NASDAQ:CEG,CEG,Constellation Energy Corporation,5.459019937145619,51.727272727272734,46.10670844084041,stock,['common'],534559303.42,317.11,1.3649149725099217,1685722,0.7197953565286853,99387783608.0,33.42644516591474,9.4868,26.651091382417736,0.466904228816499,Utilities,1.394737,2025-07-10
NASDAQ:ZS,ZS,"Zscaler, Inc.",4.247295005022968,61.7850023002607,57.212398172064376,stock,['common'],532194117.0,316.5,1.299449494302907,1681498,0.7631387090555058,49277682311.99999,,-0.2541,49.51321279554937,0.0,Technology Services,1.333333,2025-07-10
NASDAQ:CMCSA,CMCSA,Comcast Corporation,2.651296829971166,2.415181138585383,-4.427153206332186,stock,['common'],531077102.4,35.62,-1.0555555555555627,14909520,0.7718852910674351,132994528805.0,8.745181802558246,4.0731,8.157412570700242,3.53733857383492,Consumer Services,1.625,2025-07-10
NYSE:LOW,LOW,"Lowe's Companies, Inc.",-0.0531702778147036,2.0863504706734184,4.445061814140851,stock,['common'],527697104.58,225.57,0.8494657307640747,2339394,0.9039563435185112,126417932283.00002,18.685232892371666,12.0721,-3.0454651321548685,2.03927827281997,Retail Trade,1.540541,2025-07-10
NYSE:FLUT,FLUT,Flutter Entertainment plc,9.902890262157914,25.47876769358867,44.94052138699062,stock,['common'],524113607.48999995,286.33,0.3821343430093868,1830453,0.41250234425884535,50591038728.99999,98.9528614874205,2.8936,,0.0,Consumer Services,1.181818,2025-07-10
NASDAQ:HON,HON,Honeywell International Inc.,4.385849840395296,21.183816437382603,12.768671170107233,stock,['common'],519734738.56,238.72,-0.4503753127606391,2177173,0.646425602429252,153421268011.0,27.41954009786129,8.7062,0.908690512065651,1.87248659517426,Electronic Technology,1.518519,2025-07-10
NYSE:CNH,CNH,CNH Industrial N.V.,7.036747458952309,21.797153024911026,41.86528497409325,stock,['common'],507792149.54999995,13.69,-0.07299270072992545,37092195,1.5454368932378624,17104718636.0,16.478093403948,0.8308,-51.61891451199627,1.82615047479912,Producer Manufacturing,1.5,2025-07-10
NYSE:ZTS,ZTS,Zoetis Inc.,-6.249259566402075,3.6884171907756973,-9.915191530536733,stock,['common'],505906889.6,158.27,0.2978453738910005,3196480,1.0797332148822725,70463082959.0,28.421355073895167,5.5687,7.340156903564059,1.17773425159537,Health Technology,1.261905,2025-07-10
NYSE:COP,COP,ConocoPhillips,7.665148063781326,6.8135593220339,-14.768731403840949,stock,['common'],505877200.47,94.53,-1.3153773880363346,5351499,0.6303185975775474,119335618990.00002,11.999238385377,7.878,-10.834946181793487,3.30053951126626,Energy Minerals,1.220588,2025-07-10
NASDAQ:PYPL,PYPL,"PayPal Holdings, Inc.",1.5332428765264523,20.1123595505618,27.04584040747029,stock,['common'],505527609.22999996,74.83,-0.2665600426496106,6755681,0.8070177207407889,72774633967.0,16.787436904094225,4.4575,12.155293880837343,0.0,Commercial Services,1.655556,2025-07-10
NYSE:DELL,DELL,Dell Technologies Inc.,10.584228451663602,57.89276807980048,-13.302752293577987,stock,['common'],502228889.19,126.63,1.8007878446820442,3966113,0.7870560004950017,85962705019.99998,20.189732142857142,6.272,28.1045751633987,1.46884624496565,Electronic Technology,1.232143,2025-07-10
NYSE:CTVA,CTVA,"Corteva, Inc.",6.142916840785619,31.993764074138245,47.588611272515976,stock,['common'],500694350.40000004,76.2,-0.3270111183780248,6570792,1.7450452531035752,51981350616.00001,46.46058167184928,1.6401,109.16974875653614,0.89238845144357,Process Industries,1.36,2025-07-10
NASDAQ:VRTX,VRTX,Vertex Pharmaceuticals Incorporated,6.2524956741647815,-0.005219315643339967,-1.2443298969072216,stock,['common'],500468133.67499995,478.965,2.702847585556214,1044895,0.7667622072554442,122996860462.00002,,-3.9226,-125.44829375892046,0.0,Health Technology,1.514286,2025-07-10
NYSE:U,U,Unity Software Inc.,15.233608166470367,53.74541644840232,82.98004987531174,stock,['common'],498033634.3,29.35,-0.1700680272108747,16968778,1.185214906811023,12200636980.0,,-1.1241,49.75191095614858,0.0,Technology Services,1.532258,2025-07-10
NASDAQ:FSLR,FSLR,"First Solar, Inc.",-1.1081322609472657,32.79200000000001,-26.87665198237885,stock,['common'],494495331.33000004,165.99,0.3081943437273504,2979067,0.5626797869284019,17801511213.000004,14.1111961234379,11.763,23.343259793641476,0.0,Electronic Technology,1.268293,2025-07-10
NYSE:TPR,TPR,"Tapestry, Inc.",20.083154844399644,46.563124711671534,127.47016706443914,stock,['common'],493602674.58,95.31,3.3618913349962134,5178918,1.3163693282971094,19794946714.000004,25.07893905904642,3.8004,0.6195393169181795,1.46889098730458,Retail Trade,1.409091,2025-07-10
NYSE:VLO,VLO,Valero Energy Corporation,15.205378878627442,33.324389589482145,3.248372350741098,stock,['common'],492536373.27,149.07,0.2690522634021697,3304061,0.8701730058460169,46689637964.99999,52.55790995310792,2.8363,-85.96099589169924,2.95163346079023,Energy Minerals,1.217391,2025-07-10
NASDAQ:MCHP,MCHP,Microchip Technology Incorporated,13.100106012418607,80.51728305535414,-20.128342245989298,stock,['common'],484260817.04,74.68,0.16094420600858977,6484478,0.8640365719027172,40302896346.0,,-0.0082,-100.23607992169057,2.43572576325656,Electronic Technology,1.333333,2025-07-10
NYSE:OSCR,OSCR,"Oscar Health, Inc.",3.741935483870957,29.572925060435118,-1.0461538461538566,stock,['common'],484084428.23999995,16.08,-2.839879154078564,30104753,1.0015353541520613,3524140933.0000005,57.717157214644644,0.2786,,0.0,Health Services,1.9,2025-07-10
NYSE:CMG,CMG,"Chipotle Mexican Grill, Inc.",6.552380952380948,11.412069308902602,-6.188160321985585,stock,['common'],483370715.32,55.94,0.8836789900811449,8640878,0.6356825146445745,75371541073.99998,49.15209559792637,1.1381,21.44915163803221,0.0,Consumer Services,1.378378,2025-07-10
NASDAQ:ROP,ROP,"Roper Technologies, Inc.",-2.3766251922270416,1.9527685513012247,0.17393799200244361,stock,['common'],481494050.56,558.64,-1.053862094617341,861904,1.5261261347400754,60062402461.99999,40.29370609194905,13.8642,2.0056505488684233,0.56386939710726,Technology Services,1.5,2025-07-10
NYSE:TJX,TJX,"TJX Companies, Inc. (The)",-1.9998437622060685,-0.41279669762641585,11.71965446611452,stock,['common'],479013136.55,125.45,0.15168449624780275,3818359,0.67969983375443,139953973689.0,29.580287668002832,4.241,5.186140529278985,1.23555201275409,Retail Trade,1.340909,2025-07-10
NASDAQ:FTNT,FTNT,"Fortinet, Inc.",2.788121837104938,10.682706148468023,78.64254895453038,stock,['common'],478234156.15000004,107.65,0.10228752092244693,4442491,1.0639896274153269,82397081242.99998,44.30952870961104,2.4295,58.4077720545087,0.0,Technology Services,1.695652,2025-07-10
NYSE:KR,KR,Kroger Company (The),6.632265897708309,5.654135338345872,35.375722543352616,stock,['common'],475322319.66,70.26,0.7456266131345143,6765191,0.9931866675625892,46452809519.0,19.096542726679715,3.6792,25.351776770808492,1.82180472530601,Retail Trade,1.615385,2025-07-10
NYSE:OMC,OMC,Omnicom Group Inc.,1.2287070650656178,-3.731244190678532,-19.13896944010707,stock,['common'],471388910.0,72.5,-2.8931154567372044,6501916,1.4662538401429361,14145431900.0,9.919549036777584,7.3088,-1.2777912850852402,3.86206896551724,Commercial Services,1.464286,2025-07-10
NASDAQ:NBIS,NBIS,Nebius Group N.V.,-8.385556550283503,102.28420821436413,92.35588972431076,stock,['common'],467346253.5,46.05,-2.2292993630573337,10148670,0.906143434392966,10974802898.0,,-1.0315,,0.0,Technology Services,1.125,2025-07-10
NYSE:UPS,UPS,"United Parcel Service, Inc.",3.705583756345183,4.1125210212505845,-24.478781605796236,stock,['common'],466463480.40000004,102.15,-0.2246532525883862,4566456,0.8771810424030885,86500394088.0,14.899792876104904,6.8558,-0.6376996434679207,6.40234948604993,Transportation,1.558824,2025-07-10
NASDAQ:REGN,REGN,"Regeneron Pharmaceuticals, Inc.",10.959839357429725,-2.8738157594079956,-47.66392316944962,stock,['common'],466300711.38000005,552.58,0.8817891373801993,843861,0.8901572789359053,59659577600.99999,14.065821057749337,39.2853,16.05050233517173,0.318505917695175,Health Technology,1.37037,2025-07-10
NYSE:EQT,EQT,EQT Corporation,-2.139800285306697,12.4359762343782,51.980060924951545,stock,['common'],464446531.36,54.88,0.036456434560705665,8462947,0.990001460737996,34237172043.0,94.63700638041043,0.5799,-57.70549194077748,1.14795918367347,Energy Minerals,1.354839,2025-07-10
NASDAQ:SNPS,SNPS,"Synopsys, Inc.",9.34150988330556,32.656746605027465,-10.618105126541195,stock,['common'],462800203.8,550.95,-0.10153940998348994,840004,0.6236430260559785,85485918728.00002,39.67608128933762,13.8862,51.07325086763057,0.0,Technology Services,1.173913,2025-07-10
NYSE:HCA,HCA,"HCA Healthcare, Inc.",-0.8982114332102565,11.214294110732347,19.472155575198894,stock,['common'],460842660.92,378.44,0.22245762711863742,1217743,0.9386424535218045,91042792440.0,16.815370396701265,22.5056,12.14726005212304,0.729309798118592,Health Services,1.482759,2025-07-10
NYSE:DOW,DOW,Dow Inc.,3.611111111111108,3.611111111111108,-43.33459931636916,stock,['common'],460359554.16,29.84,2.6841018582243676,15427599,1.0152284140364387,21092754888.0,74.58135466133466,0.4001,-76.13622808063938,9.38337801608579,Process Industries,1.916667,2025-07-10
NASDAQ:AVAV,AVAV,"AeroVironment, Inc.",20.579547769403135,74.60914454277288,39.76152529366627,stock,['common'],458473851.36,236.77,-0.12654490234950982,1936368,0.5778212692648941,11682823646.999998,153.40806012699235,1.5434,-30.115462983925735,0.0,Electronic Technology,1.136364,2025-07-10
NYSE:FDX,FDX,FedEx Corporation,6.670575500631423,11.32501765121205,-20.097972972972975,stock,['common'],458447436.34999996,236.51,-0.9216203761886879,1938385,0.5323569169858434,56667539899.0,13.981685652973272,16.9157,-1.8640134594186766,2.36353642552112,Transportation,1.424242,2025-07-10
NASDAQ:KDP,KDP,Keurig Dr Pepper Inc.,2.8422982885085566,-3.0817972350230423,3.922174181593564,stock,['common'],456692786.15,33.65,-1.1166617690273364,13571851,1.3578666268386819,45703225046.0,30.480072463768114,1.104,-28.636069812540395,2.73402674591382,Consumer Non-Durables,1.363636,2025-07-10
NYSE:MCK,MCK,McKesson Corporation,2.9589568615236472,7.977728285077954,22.957139234085712,stock,['common'],456312826.41,727.23,0.4308737622736883,627467,0.7932785607311644,90833716608.0,28.170067052220162,25.8157,15.412505252993078,0.390522943222914,Distribution Services,1.315789,2025-07-10
NASDAQ:UAL,UAL,"United Airlines Holdings, Inc.",-5.809104258443457,19.439892745419353,70.70470513093466,stock,['common'],456126139.86,80.18,-1.2683167097647914,5688777,1.06143424437902,26186832633.0,7.30929113185531,10.9696,35.48068372690445,0.0,Transportation,1.192308,2025-07-10
NYSE:NET,NET,"Cloudflare, Inc.",7.369180400643693,78.67762489611229,127.95711592836949,stock,['common'],454300008.25,193.49,0.35267880296665466,2347925,0.78208875598581,67065640841.99999,,-0.2376,56.19469026548673,0.0,Technology Services,1.527778,2025-07-10
NASDAQ:ASTS,ASTS,"AST SpaceMobile, Inc.",31.66047087980173,77.00957934194085,254.16666666666666,stock,['common'],446038350.0,42.5,-6.511218653761551,10495020,0.7318198871337154,14349695621.999998,,-2.0026,-101.44854642390104,0.0,Communications,1.388889,2025-07-10
NYSE:MMM,MMM,3M Company,7.165922363448971,14.90239410681399,54.66534457114527,stock,['common'],445462658.08,155.98,1.4570053336802269,2855896,0.9206976731065739,83945531923.99998,19.703400535596987,7.9164,,1.83356840620592,Producer Manufacturing,1.6,2025-07-10
NASDAQ:ENPH,ENPH,"Enphase Energy, Inc.",2.634730538922159,-18.396495905541794,-57.862130002950146,stock,['common'],442334122.5,42.85,4.6653639472398725,10322850,1.0042448274146185,5622220435.000001,39.86417341148014,1.0749,-44.308585047406865,0.0,Electronic Technology,1.960526,2025-07-10
NYSE:AJG,AJG,Arthur J. Gallagher & Co.,-3.4545064771996365,-1.910451476399386,19.088093079480192,stock,['common'],441804905.75,315.25,0.4748852626211146,1401443,0.8239185856549206,80735526924.00002,48.49253960929087,6.501,31.673823219638674,0.793021411578113,Finance,1.526316,2025-07-10
NYSE:TGT,TGT,Target Corporation,4.19082494151155,7.043578221339753,-30.790540540540533,stock,['common'],441701821.33000004,102.43,0.4117243407509084,4312231,0.7303611215320502,46540699866.0,11.258642104221854,9.0979,2.0023992914242084,4.37371863711803,Retail Trade,1.815789,2025-07-10
NYSE:PHM,PHM,"PulteGroup, Inc.",12.688193343898577,19.405961376994117,8.57988165680473,stock,['common'],439729241.44,113.77,4.491182953710507,3865072,1.779237026738097,22802598435.0,8.025932431765112,14.1753,13.404214467431474,0.755911048606838,Consumer Durables,1.5,2025-07-10
NASDAQ:MPWR,MPWR,"Monolithic Power Systems, Inc.",8.30521671424864,42.80771131982204,-13.121826530494227,stock,['common'],439281694.8,751.14,-1.3358553020451536,584820,1.1644873762575356,35964584704.0,19.94138167221523,37.6674,348.5282210050012,0.748196075298879,Electronic Technology,1.368421,2025-07-10
NYSE:USB,USB,U.S. Bancorp,5.1111111111111045,22.98491939677586,20.724859622256247,stock,['common'],434194086.7,47.3,-0.7553503986571537,9179579,0.7105826799820694,73694703719.0,11.71052957341982,4.0391,33.997943137710266,4.22832980972516,Finance,1.5,2025-07-10
NYSE:ETN,ETN,"Eaton Corporation, PLC",8.364205897412724,31.311361728530223,12.36453355819981,stock,['common'],430513467.55999994,359.78,0.784357667096183,1196602,0.5455568625818602,140781909129.99997,36.31573634803674,9.907,16.92986804522815,1.07287786980933,Producer Manufacturing,1.448276,2025-07-10
